https://stevefuchs.fr/blog/posts/cheat-sheet-oracle/,https://stevefuchs.fr/posts/cheat-sheet-oracle/
https://stevefuchs.fr/blog/2012/11/27/test-zotac-zbox-hd-id41/,https://stevefuchs.fr/2012/11/27/test-zotac-zbox-hd-id41/
https://stevefuchs.fr/blog/posts/decouverte-raspberry-pi/,https://stevefuchs.fr/posts/decouverte-raspberry-pi/
https://stevefuchs.fr/blog/2013/09/08/reparation-dune-fuite-sur-ma-machine-a-laver/,https://stevefuchs.fr/2013/09/08/reparation-dune-fuite-sur-ma-machine-a-laver/
https://stevefuchs.fr/blog/2013/09/29/achat-shuttle-ds47/,https://stevefuchs.fr/2013/09/29/achat-shuttle-ds47/
https://stevefuchs.fr/blog/posts/cheat-sheet-ax-2012/,https://stevefuchs.fr/posts/cheat-sheet-ax-2012/
https://stevefuchs.fr/blog/posts/cheat-sheet-shell-linux/,https://stevefuchs.fr/posts/cheat-sheet-shell-linux/
https://stevefuchs.fr/blog/posts/entretien-ford-focus-2/,https://stevefuchs.fr/posts/entretien-ford-focus-2/
https://stevefuchs.fr/blog/posts//inscription-free/,https://stevefuchs.fr/posts/inscription-free/
https://stevefuchs.fr/blog/posts//tablette-internet-portugal/,https://stevefuchs.fr/posts/tablette-internet-portugal/
https://stevefuchs.fr/blog/posts//changement-manchon-de-laspirateur-rowenta-air-force/,https://stevefuchs.fr/posts/changement-manchon-de-laspirateur-rowenta-air-force/
https://stevefuchs.fr/blog/posts/changement-ventilateur-synology-ds216ii/,https://stevefuchs.fr/posts/changement-ventilateur-synology-ds216ii/
https://stevefuchs.fr/blog/posts/cheat-sheet-azure-devops-server/,https://stevefuchs.fr/posts/cheat-sheet-azure-devops-server/
https://stevefuchs.fr/blog/posts/synology-heberge-chez-ikoula/,https://stevefuchs.fr/posts/synology-heberge-chez-ikoula/
https://stevefuchs.fr/blog/posts/trading-de-monnaies-virtuelles/,https://stevefuchs.fr/posts/trading-de-monnaies-virtuelles/
https://stevefuchs.fr/blog/posts/coller-son-mot-de-passe-site-autorisant-pas/,https://stevefuchs.fr/posts/coller-son-mot-de-passe-site-autorisant-pas/
https://stevefuchs.fr/blog/posts/cheat-sheet-powershell/,https://stevefuchs.fr/posts/cheat-sheet-powershell/
https://stevefuchs.fr/blog/posts/domotique-pilotage-volets-roulants-somfy-io/,https://stevefuchs.fr/posts/domotique-pilotage-volets-roulants-somfy-io/
https://stevefuchs.fr/blog/posts/baleine-soutien-gorge-machine-a-laver/,https://stevefuchs.fr/posts/baleine-soutien-gorge-machine-a-laver/
